year,n_communities,modularity
2008,2.0,0.07111396568006853
2012,2.0,0.07323164928472303
2016,2.0,0.07512510949557863
2020,2.0,0.06894568360927181
2025,2.0,0.07269144964954033
