{
  "LR": {},
  "DT": {
    "max_depth": 15,
    "min_samples_split": 14,
    "min_samples_leaf": 1
  },
  "RF": {
    "n_estimators": 105,
    "max_depth": 27,
    "min_samples_split": 2,
    "min_samples_leaf": 1
  },
  "GB": {
    "n_estimators": 489,
    "learning_rate": 0.08165256272912481,
    "max_depth": 9,
    "subsample": 0.6406866275994425
  },
  "XGB": {
    "n_estimators": 310,
    "learning_rate": 0.07576355530044009,
    "max_depth": 6,
    "subsample": 0.5693577972426499,
    "colsample_bytree": 0.6631858386096837
  },
  "LGBM": {
    "n_estimators": 459,
    "learning_rate": 0.08982025658091304,
    "num_leaves": 76,
    "feature_fraction": 0.8830508376250706,
    "bagging_fraction": 0.7902118938031532,
    "bagging_freq": 2
  },
  "CatBoost": {
    "iterations": 282,
    "learning_rate": 0.21761306198557437,
    "depth": 9,
    "l2_leaf_reg": 1.2946186936714412
  }
}